Title,Firstname,Lastname,Address,email,Payements
Mrs.,Teddy,Danley,5 Place Vendôme Building #5  Paris 75001 France,Teddy.Danley.mycompany.com,4632907220786
Mr.,Tomas,Goodfellow,3821 Benson Park Drive Apt. 1A Irving 75038 United States,Tomas.Goodfellow.mycompany.com,2720865530620006
Mrs.,Pearce,Hine,Via di Santa Maria dell'Anima 30 Apt. 2D Rome 186 Italy,Pearce.Hine.mycompany.com,4692820338086
Mr.,Rashard,Kiely,4091 Oakwood Circle Apt. 2D New York 10007 United States,Rashard.Kiely.mycompany.com,4784493842068067
Mr.,Donavon,Emert,Rue de Rivoli 6 Apt. 2D Paris 75001 France,Donavon.Emert.mycompany.com,4756462901892695
Mr.,Shaheen,Brune,4987 Washington Avenue Apt. 2B Miami Beach 33139 United States,Shaheen.Brune.mycompany.com,4700622196006
Mrs.,Keysha,Velez,Jl. Hayam Wuruk No. 6 Apt. 2D Jakarta 10120 Indonesia,Keysha.Velez.mycompany.com,4543946488373
Dr.,Niccole,Gorden,1054 Oakwood Circle Apt. 2D Philadelphia 19107 United States,Niccole.Gorden.mycompany.com,4116309399238
Dr.,Judson,Fekete,2635 Fidler Drive Apt. 2D San Francisco 94108 United States,Judson.Fekete.mycompany.com,2354485490969919
Dr.,Audra,Yelton,4065 Hanover Street Apt. 3C Memphis 38103 United States,Audra.Yelton.mycompany.com,4603583748574
Mrs.,Rosalee,Ponder,1692 Rainbow Road Shop #10B AzUnited States 91702 United States,Rosalee.Ponder.mycompany.com,4580970474946
Dr.,Magda,Lack,2403 Raccoon Run Upper Level Room #2B Fort Collins 80525 United States,Magda.Lack.mycompany.com,2227705950878183
Mr.,Olegario,Hammack,Via Palermo 17 Apt. 2D Milan 20121 Italy,Olegario.Hammack.mycompany.com,4686377669933
Mr.,Olaf,Crawford,3194 Oakwood Circle Apt. 1A New York 10007 United States,Olaf.Crawford.mycompany.com,4434672780530
Mrs.,Brittnee,Duda,Rue Saint-Louis en l'Île 32 Apt. 3C Paris 75004 France,Brittnee.Duda.mycompany.com,4296638236255
Mrs.,Corwin,Houser,10 Downing Street Level #3 London SW1A 2AB UK,Corwin.Houser.mycompany.com,5326514643822776
Mrs.,Basilio,Rothermel,Bulevar Revolucije 17 Apt. 3B Belgrade 11000 Serbia,Basilio.Rothermel.mycompany.com,4223685006062327
Mr.,Yaminah,Antoine,2403 Raccoon Run Upper Level Room #2B Fort Collins 80525 United States,Yaminah.Antoine.mycompany.com,2222773069618689
Dr.,Jakeria,Kingsley,10 Downing Street Shop #7B London SW1A 2AA UK,Jakeria.Kingsley.mycompany.com,4108169676104603
Mrs.,Chioma,Blythe,Avenida Atlântica 4122 Apt. 3B Rio de Janeiro 22070-002 Brazil,Chioma.Blythe.mycompany.com,5405955253675549
Dr.,Zeina,Householder,2622 Dog Hill Lane Apt. 2D Irving 75038 United States,Zeina.Householder.mycompany.com,2221412416272363
Mr.,Malerie,Wasilewski,153 Avenue des Champs-Élysées Suite 1201 Paris 75008 France,Malerie.Wasilewski.mycompany.com,5589535425203624
Dr.,Shaleen,Mcelroy,2848 Ridgeview Drive Apt. 3B Dallas 75201 United States,Shaleen.Mcelroy.mycompany.com,5433511249314650
Dr.,Carlye,Rabago,4748 Maryland Avenue Apt. 1A Baltimore 21201 United States,Carlye.Rabago.mycompany.com,5205288334524001
Dr.,Labradford,Box,4802 Hillcrest Lane Apt. 2D Miami Beach 33139 United States,Labradford.Box.mycompany.com,5488062553783214
Dr.,Homar,Roz,1817 Washington Avenue Apt. 2D Miami Beach 33139 United States,Homar.Roz.mycompany.com,4279021803707
Mrs.,Yukiko,Pedraza,2702 Farland Street Apt. 1A New York 10007 United States,Yukiko.Pedraza.mycompany.com,4721891796766118
Mrs.,Candice,Hickenbottom,2615 Cambridge Drive Apt. 3C Washington 20001 United States,Candice.Hickenbottom.mycompany.com,4538969532111266
Mr.,Francine,Reeser,45 West 54th Street Lot #22 New York 10019 United States,Francine.Reeser.mycompany.com,5589717777141358
Mrs.,Hamza,Harms,1732 Poplar Street Apt. 2B New York 10001 United States,Hamza.Harms.mycompany.com,4462408685413453
Mrs.,Shyan,Stitt,1236 Traction Street Apt. 3C Los Angeles 90033 United States,Shyan.Stitt.mycompany.com,2569902944576587
Dr.,Kamel,Highland,201 Folsom Street Apt 22B San Francisco 94105 United States,Kamel.Highland.mycompany.com,2678671021608081
Mrs.,Demonte,Balsamo,4085 Henry Ford Avenue Apt. 1D Tampa 33602 United States,Demonte.Balsamo.mycompany.com,2224341866549402
Dr.,Sherria,Sheard,2-5-5 Marunouchi Office #508 Tokyo 100-7001 Japan,Sherria.Sheard.mycompany.com,2293011090871628
Dr.,Kolten,Juggins,Avenida Presidente Kennedy 6755 Apt. 1A Santiago 7630319 Chile,Kolten.Juggins.mycompany.com,5317099630317558
Mr.,Venezia,Brenneman,1390 California Street Apt 14 Beverly Hills 90210 United States,Venezia.Brenneman.mycompany.com,4651118726381
Dr.,Melissaann,Villalpando,48 West Street Building #8 London E18 2PR United Kingdom,Melissaann.Villalpando.mycompany.com,4546517471379454
Dr.,Boris,Hartin,100 Montgomery Street Suite 1500 San Francisco 94104 United States,Boris.Hartin.mycompany.com,4324955773000240
Mrs.,Abria,Fitzmaurice,233 Wilshire Boulevard Lot #21 Santa Monica 90401 United States,Abria.Fitzmaurice.mycompany.com,4672145745845
Dr.,Voshon,You,153 Avenue des Champs-Élysées Suite 1201 Paris 75008 France,Voshon.You.mycompany.com,4823872185930286
Dr.,Taeya,Fifer,111 Rue du Faubourg Saint-Honoré Shop #12B Paris 75008 France,Taeya.Fifer.mycompany.com,4384125690583501
Mrs.,Tatiyana,Zaragoza,2221 Yonge Street Basement Suite #2 Toronto M4S 2B4 Canada,Tatiyana.Zaragoza.mycompany.com,4811974061612814
Dr.,Eileen,Sprayberry,1075 Bay Street Suite 2J Toronto M5S 2B1 Canada,Eileen.Sprayberry.mycompany.com,2225783395712511
Mrs.,Jaeda,Gillis,Viale Sabotino 19 Apt. 2D Milan 20135 Italy,Jaeda.Gillis.mycompany.com,5463150726578459
Mr.,Bradford,Galli,1802 Walton Street Apt. 1B New York 10011 United States,Bradford.Galli.mycompany.com,4995185904630
Mrs.,Chrystie,Rook,Königstraße 21 Apt. 1A Düsseldorf 40212 Germany,Chrystie.Rook.mycompany.com,4563109035420240
Dr.,Aldair,Ulmer,220 Central Park South Unit 5B New York 10036 United States,Aldair.Ulmer.mycompany.com,4408952854129594
Mrs.,Alyissa,Brashears,3432 Brannon Avenue Apt. 2D Jackson 39201 United States,Alyissa.Brashears.mycompany.com,4721643080043
Dr.,Laquan,Polzin,135 Rue du Faubourg Saint-Honoré Office #303 Paris 75008 France,Laquan.Polzin.mycompany.com,5598528643647458
Mr.,Arya,Abrahams,111 Rue du Faubourg Saint-Honoré Shop #12B Paris 75008 France,Arya.Abrahams.mycompany.com,4477568695588
Mr.,Samnang,Bias,2635 Fidler Drive Apt. 2D San Francisco 94108 United States,Samnang.Bias.mycompany.com,5494597554062828
Mr.,Jamia,Stephan,1656 Lena Lane Apt. 2D New York 10007 United States,Jamia.Stephan.mycompany.com,4819752467721
Dr.,Keren,Highsmith,Lange Voorhout 34 Apt. 3B The Hague 2514 EE Netherlands,Keren.Highsmith.mycompany.com,4260886636113224
Mrs.,Shenell,Fairfield,Calle 49 No. 15-27 Apt. 2D Bogotá 110231 Colombia,Shenell.Fairfield.mycompany.com,4941955316366
Mr.,Sebrina,Gaudette,4056 Tecumsah Lane Apt. 1A Washington 20001 United States,Sebrina.Gaudette.mycompany.com,4193391574619
Dr.,Tayson,Conn,Rua Jardim Botânico 674 Apt. 2D Rio de Janeiro 22461-000 Brazil,Tayson.Conn.mycompany.com,2223561234869281
Mr.,Nicolett,Boykins,Piazza Castello Floor #5 Milan 20121 Italy,Nicolett.Boykins.mycompany.com,4734138061607942
Mrs.,Catelyn,Vanne,Rue de Rivoli 6 Apt. 2D Paris 75001 France,Catelyn.Vanne.mycompany.com,4387862068711824
Mrs.,Jakiya,Crossley,Lange Gasthuisstraat 25 Apt. 1A Antwerp 2000 Belgium,Jakiya.Crossley.mycompany.com,5553957195950199
Dr.,Hassan,Wendel,Via Salaria 1111 Apt. 2D Rome 138 Italy,Hassan.Wendel.mycompany.com,2236211773608505
Dr.,Merrilee,Ahmed,7701 Beverly Boulevard Suite 104 Los Angeles 90036 United States,Merrilee.Ahmed.mycompany.com,2700915733453507
Dr.,Xavier,Kiely,4856 Elm Drive Apt. 3C Laredo 78040 United States,Xavier.Kiely.mycompany.com,4814793525985713
Mr.,Haruka,Mcbride,2635 Fidler Drive Apt. 2D San Francisco 94108 United States,Haruka.Mcbride.mycompany.com,5160346283790382
Mr.,Arianna,Chisholm,345 Bloor Street East Suite 1001 Toronto M4W 3J6 Canada,Arianna.Chisholm.mycompany.com,4173310813174
Dr.,Ivelise,Scurry,Kurfürstendamm 218 Apt. 1A Berlin 10719 Germany,Ivelise.Scurry.mycompany.com,4626226760665412
Dr.,Twila,Hose,29 rue de Lille Suite 51 Paris 75007 France,Twila.Hose.mycompany.com,2592198506006298
Dr.,Grizelda,Dyal,1732 Poplar Street Apt. 2B New York 10001 United States,Grizelda.Dyal.mycompany.com,4095760455975
Mrs.,Romulo,Jacobi,4025 Poplar Street Apt. 3B Portland 4101 United States,Romulo.Jacobi.mycompany.com,5169784682066396
Mr.,Yitta,Giurio,1692 Rainbow Road Shop #10B AzUnited States 91702 United States,Yitta.Giurio.mycompany.com,4319998575794
Mrs.,Sion,Wescott,Rua Paul Redfern 48 Apt. 2D Rio de Janeiro 22410-080 Brazil,Sion.Wescott.mycompany.com,4935580912430
Dr.,Stephan,Trinidad,16 W 61st St Suite 2E New York 10023 United States,Stephan.Trinidad.mycompany.com,2296948451186381
Mrs.,Marietta,Maly,Eerikinkatu 7 Apt. 2D Helsinki 100 Finland,Marietta.Maly.mycompany.com,4593930385994
Mr.,Theodore,Braud,Bismarckstr. 10 Basement Office Bonn 53113 Germany,Theodore.Braud.mycompany.com,5420948568569856
Dr.,Sindi,Soles,1 Buckingham Palace Road Suite 105 London SW1W 0RH UK,Sindi.Soles.mycompany.com,2466700653979171
Mrs.,Lorianne,Joines,Rua Jardim Botânico 674 Apt. 2D Rio de Janeiro 22461-000 Brazil,Lorianne.Joines.mycompany.com,4968177871153593
Mr.,Kaisa,Finlayson,2146 Poplar Street Apt. 2B New York 10001 United States,Kaisa.Finlayson.mycompany.com,4072938326367
Mr.,Georgianna,Hong,Viale Sabotino 19 Apt. 2D Milan 20135 Italy,Georgianna.Hong.mycompany.com,2706432393011098
Mrs.,Andra,Justice,Calle 82 #12-34 Apt. 3B Bogotá 110221 Colombia,Andra.Justice.mycompany.com,5427304752612834
Mr.,Custodio,Ballantyne,Boulevard de la Chapelle 40 Apt. 2D Paris 75018 France,Custodio.Ballantyne.mycompany.com,5120983031324859
Mrs.,Nathanial,Markle,1449 Farm Meadow Drive Apt. 2D Irving 75038 United States,Nathanial.Markle.mycompany.com,2431450754338090
Dr.,Shoua,Bertrand,43-45 Portman Square Shop #7B London W1H 6HN UK,Shoua.Bertrand.mycompany.com,4824819052579503
Dr.,Roderick,Maroney,Calle 49 No. 15-27 Apt. 2D Bogotá 110231 Colombia,Roderick.Maroney.mycompany.com,5560565461508019
Mrs.,Christon,Hyatt,1888 Glenwood Avenue Floor #7 Cocoa 32922 United States,Christon.Hyatt.mycompany.com,4401352102280
Dr.,Tuesday,Vickers,2536 Fleming Street Apt. 1B Miami 33140 United States,Tuesday.Vickers.mycompany.com,4908063734770905
Mrs.,Maylene,Glasser,1792 Virginia Street Apt. 2B New York 10001 United States,Maylene.Glasser.mycompany.com,4741533942098
Dr.,Zephaniah,Sink,4288 Cherry Ridge Drive Apt. 3C Henderson 42420 United States,Zephaniah.Sink.mycompany.com,4912047338953
Mrs.,Huey,Minton,Glyptoteket 5 Apt. 3C Copenhagen 1577 Denmark,Huey.Minton.mycompany.com,5586787315687638
Dr.,Yoshiko,Bickford,Talatpaşa Cd. 52/1 Upper Level Room #3D Istanbul 34367 Turkey,Yoshiko.Bickford.mycompany.com,4823901308088
Mrs.,Kentrell,Smaling,650 Divisadero Street Shop #7C San Francisco 94117 United States,Kentrell.Smaling.mycompany.com,2720734590064443
Mr.,Briant,Caballero,Lange Voorhout 34 Apt. 3B The Hague 2514 EE Netherlands,Briant.Caballero.mycompany.com,4248357377052126
Mr.,August,Piper,3023 Brookview Drive Apt. 2D Philadelphia 19107 United States,August.Piper.mycompany.com,5345808898166033
Dr.,Kolt,Farquarson,Jl. Sudirman Kav. 52-53 Apt. 3B Jakarta 12190 Indonesia,Kolt.Farquarson.mycompany.com,4377751561944167
Dr.,Reilly,Boozer,7701 Beverly Boulevard Suite 104 Los Angeles 90036 United States,Reilly.Boozer.mycompany.com,2713958804801987
Mrs.,Messiah,Shabazz,3758 Sherry Lane Apartment #305A New York 10213 United States,Messiah.Shabazz.mycompany.com,5414288053233031
Mr.,Theadore,Horner,Calle Ciega con Calle Guaicaipuro Apt. 1A Caracas 1060 Venezuela,Theadore.Horner.mycompany.com,2225268667017850
Mr.,Hendrik,Flory,Plac Europejski 2 Apartment #206C Warsaw 00-844 Poland,Hendrik.Flory.mycompany.com,4720709170837
Dr.,Mychael,Monger,Jl. Sudirman Kav. 52-53 Apt. 3B Jakarta 12190 Indonesia,Mychael.Monger.mycompany.com,2337264040846231
Mrs.,Denasia,Shamblin,1732 Poplar Street Apt. 2B New York 10001 United States,Denasia.Shamblin.mycompany.com,5516008004654421
Mrs.,Tonatiuh,Tamez,1430 Broadway Floor #8 New York 10018 United States,Tonatiuh.Tamez.mycompany.com,4564121966088
Mr.,Jarious,Rayford,Rathausplatz 1 Basement Shop Vienna 1010 Austria,Jarious.Rayford.mycompany.com,2720407051008069